<?xml version="1.0" encoding="UTF-8"?>
<beans default-lazy-init="true"
	xmlns="http://www.springframework.org/schema/beans"
	xmlns:p="http://www.springframework.org/schema/p"
	 xmlns:xsi="http://www.w3.org/2001/XMLSchema-instance"
	xmlns:context="http://www.springframework.org/schema/context"
	xmlns:mvc="http://www.springframework.org/schema/mvc"
	xsi:schemaLocation="  
       http://www.springframework.org/schema/beans   
       http://www.springframework.org/schema/beans/spring-beans-3.0.xsd  
       http://www.springframework.org/schema/mvc   
       http://www.springframework.org/schema/mvc/spring-mvc-3.0.xsd   
       http://www.springframework.org/schema/context  
       http://www.springframework.org/schema/context/spring-context-3.0.xsd">

	<!-- 使用注解的包，包括子集 -->
	<context:component-scan base-package="com.owner.controller" />
	<!-- 通过注解，把URL映射到Controller上，该标签默认注册DefaultAnnotationHandlerMapping和AnnotationMethodHandlerAdapter -->
	<mvc:annotation-driven />
	<!-- 视图解析器 -->
	<!-- <bean id="viewResolver"
		class="org.springframework.web.servlet.view.InternalResourceViewResolver"
		p:order="1">
		<property name="viewClass"
			value="org.springframework.web.servlet.view.JstlView" />
		<property name="prefix" value="/WEB-INF/pages/" />
		<property name="suffix" value=".jsp"></property>
	</bean> -->

	<!-- <bean id="multipartResolver"
		class="org.springframework.web.multipart.commons.CommonsMultipartResolver"
		p:defaultEncoding="UTF-8" /> -->
		
	<bean id="viewResolver"
		class="org.springframework.web.servlet.view.UrlBasedViewResolver">
		<property name="viewClass">
			<value>
				org.springframework.web.servlet.view.tiles2.TilesView
			</value>
		</property>
    </bean>
	<bean id="tilesConfigurer"
		class="org.springframework.web.servlet.view.tiles2.TilesConfigurer">
		<property name="definitions">
			<list>
				<value>/WEB-INF/tiles.xml</value>
			</list>
		</property>
	</bean>
  
	
	
</beans>  