<?xml version="1.0" encoding="UTF-8"?>
<!DOCTYPE mapper PUBLIC "-//mybatis.org//DTD Mapper 3.0//EN" 
	"http://mybatis.org/dtd/mybatis-3-mapper.dtd">
<mapper namespace="com.owner.entity.UserTable">
	<resultMap type="UserTable" id="userMap">
		<id property="userId" column="userid"></id>
		<id property="userName" column="username"></id>
		<id property="password" column="password"></id>
	</resultMap>
	<select id="getUser" parameterType="UserTable" resultMap="userMap">
		select userId,userName from usertable where userId=#{userId}
	</select>
	<insert id="addUser" parameterType="UserTable">
		insert into usertable(username,password) values(#{userName},#{password})
	</insert>
	<update id="updateUser" parameterType="UserTable">
		update usertable set username=#{userName},password=#{password} where userid=#{userId}
	</update>
</mapper>
